{
  "ee_pos": [
    0.0583239309489727,
    -0.12796123325824738,
    0.1782720535993576
  ],
  "ee_quat": [
    0.9923471212387085,
    0.012955926358699799,
    -0.11015255004167557,
    -0.054274220019578934
  ],
  "cam": {
    "pos": [
      0.5,
      -0.4000000059604645,
      0.5
    ],
    "lookat": [
      0.30000001192092896,
      0.0,
      0.029999999329447746
    ],
    "up": [
      0.0,
      0.0,
      1.0
    ]
  },
  "box_pos": [
    0.30000001192092896,
    -8.849254662379735e-11,
    0.029892241582274437
  ]
}