{
  "ee_pos": [
    0.08351292461156845,
    -0.03899228200316429,
    0.17984995245933533
  ],
  "ee_quat": [
    0.9986392855644226,
    -0.010992010124027729,
    -0.046393007040023804,
    0.021125005558133125
  ],
  "cam": {
    "pos": [
      0.5,
      -0.4000000059604645,
      0.5
    ],
    "lookat": [
      0.30000001192092896,
      0.0,
      0.029999999329447746
    ],
    "up": [
      0.0,
      0.0,
      1.0
    ]
  },
  "box_pos": [
    0.30000001192092896,
    -6.255756468398488e-10,
    0.029892241582274437
  ]
}