{
  "ee_pos": [
    0.07909989356994629,
    0.07612650096416473,
    0.16715165972709656
  ],
  "ee_quat": [
    0.9973607063293457,
    -0.06628134101629257,
    -0.02623412013053894,
    0.013787621632218361
  ],
  "cam": {
    "pos": [
      0.5,
      -0.4000000059604645,
      0.5
    ],
    "lookat": [
      0.30000001192092896,
      0.0,
      0.029999999329447746
    ],
    "up": [
      0.0,
      0.0,
      1.0
    ]
  },
  "box_pos": [
    0.30000001192092896,
    -3.318364194537793e-10,
    0.029892241582274437
  ]
}