{
  "ee_pos": [
    0.07812386751174927,
    -0.04836660251021385,
    0.18980565667152405
  ],
  "ee_quat": [
    0.9896910190582275,
    -0.09976372122764587,
    -0.0917242020368576,
    0.04632068797945976
  ],
  "cam": {
    "pos": [
      0.5,
      -0.4000000059604645,
      0.5
    ],
    "lookat": [
      0.30000001192092896,
      0.0,
      0.029999999329447746
    ],
    "up": [
      0.0,
      0.0,
      1.0
    ]
  },
  "box_pos": [
    0.30000001192092896,
    -4.6330708713959723e-10,
    0.029892241582274437
  ]
}