{
  "ee_pos": [
    0.08170639723539352,
    0.0822719857096672,
    0.14122001826763153
  ],
  "ee_quat": [
    0.9950542449951172,
    0.06528563797473907,
    0.03738021105527878,
    0.06486576795578003
  ],
  "cam": {
    "pos": [
      0.5,
      -0.4000000059604645,
      0.5
    ],
    "lookat": [
      0.30000001192092896,
      0.0,
      0.029999999329447746
    ],
    "up": [
      0.0,
      0.0,
      1.0
    ]
  },
  "box_pos": [
    0.30000001192092896,
    -5.360559218736682e-10,
    0.029892241582274437
  ]
}