{
  "ee_pos": [
    0.08732184767723083,
    0.00023650377988815308,
    0.17184844613075256
  ],
  "ee_quat": [
    0.9948453307151794,
    -0.0398230254650116,
    0.08152443915605545,
    0.04528280347585678
  ],
  "cam": {
    "pos": [
      0.5,
      -0.4000000059604645,
      0.5
    ],
    "lookat": [
      0.30000001192092896,
      0.0,
      0.029999999329447746
    ],
    "up": [
      0.0,
      0.0,
      1.0
    ]
  },
  "box_pos": [
    0.30000001192092896,
    -5.541818670629084e-10,
    0.029892241582274437
  ]
}