{
  "ee_pos": [
    0.07023300230503082,
    0.07218184322118759,
    0.20796452462673187
  ],
  "ee_quat": [
    0.9831016063690186,
    0.0015462565934285522,
    -0.1757100224494934,
    0.05133024603128433
  ],
  "cam": {
    "pos": [
      0.5,
      -0.4000000059604645,
      0.5
    ],
    "lookat": [
      0.30000001192092896,
      0.0,
      0.029999999329447746
    ],
    "up": [
      0.0,
      0.0,
      1.0
    ]
  },
  "box_pos": [
    0.30000001192092896,
    -2.3673781684996342e-11,
    0.029892241582274437
  ]
}