{
  "ee_pos": [
    0.09076353162527084,
    0.02979661151766777,
    0.14195434749126434
  ],
  "ee_quat": [
    0.997093915939331,
    0.06825942546129227,
    0.029937228187918663,
    -0.015749741345643997
  ],
  "cam": {
    "pos": [
      0.5,
      -0.4000000059604645,
      0.5
    ],
    "lookat": [
      0.30000001192092896,
      0.0,
      0.029999999329447746
    ],
    "up": [
      0.0,
      0.0,
      1.0
    ]
  },
  "box_pos": [
    0.30000001192092896,
    -5.183282691945124e-10,
    0.029892241582274437
  ]
}