{
  "ee_pos": [
    0.079045869410038,
    0.07609829306602478,
    0.16749121248722076
  ],
  "ee_quat": [
    0.9973511099815369,
    -0.06609831750392914,
    -0.027125468477606773,
    0.013634437695145607
  ],
  "cam": {
    "pos": [
      0.5,
      -0.4000000059604645,
      0.5
    ],
    "lookat": [
      0.30000001192092896,
      0.0,
      0.029999999329447746
    ],
    "up": [
      0.0,
      0.0,
      1.0
    ]
  },
  "box_pos": [
    0.30000001192092896,
    -3.11522363460881e-10,
    0.029892241582274437
  ]
}