{
  "ee_pos": [
    0.08100178092718124,
    -0.050460997968912125,
    0.1775989830493927
  ],
  "ee_quat": [
    0.9915370345115662,
    0.027022970840334892,
    -0.1058121845126152,
    0.07019872963428497
  ],
  "cam": {
    "pos": [
      0.5,
      -0.4000000059604645,
      0.5
    ],
    "lookat": [
      0.30000001192092896,
      0.0,
      0.029999999329447746
    ],
    "up": [
      0.0,
      0.0,
      1.0
    ]
  },
  "box_pos": [
    0.30000001192092896,
    -1.7285774200903603e-10,
    0.029892241582274437
  ]
}