{
  "ee_pos": [
    0.07676956057548523,
    -0.07192064821720123,
    0.17793557047843933
  ],
  "ee_quat": [
    0.9932491779327393,
    0.023200135678052902,
    -0.10758662968873978,
    0.03664597496390343
  ],
  "cam": {
    "pos": [
      0.5,
      -0.4000000059604645,
      0.5
    ],
    "lookat": [
      0.30000001192092896,
      0.0,
      0.029999999329447746
    ],
    "up": [
      0.0,
      0.0,
      1.0
    ]
  },
  "box_pos": [
    0.30000001192092896,
    -1.2828599293968068e-10,
    0.029892241582274437
  ]
}