{
  "ee_pos": [
    0.07979059964418411,
    0.07604613900184631,
    0.16519956290721893
  ],
  "ee_quat": [
    0.9971821904182434,
    -0.06728266179561615,
    -0.016352757811546326,
    0.028865881264209747
  ],
  "cam": {
    "pos": [
      0.5,
      -0.4000000059604645,
      0.5
    ],
    "lookat": [
      0.30000001192092896,
      0.0,
      0.029999999329447746
    ],
    "up": [
      0.0,
      0.0,
      1.0
    ]
  },
  "box_pos": [
    0.30000001192092896,
    -4.012476462200709e-10,
    0.029892241582274437
  ]
}