{
  "ee_pos": [
    0.06188449263572693,
    -0.12460388243198395,
    0.17908048629760742
  ],
  "ee_quat": [
    0.9831200838088989,
    -0.10604424774646759,
    -0.09927559643983841,
    -0.11123811453580856
  ],
  "cam": {
    "pos": [
      0.5,
      -0.4000000059604645,
      0.5
    ],
    "lookat": [
      0.30000001192092896,
      0.0,
      0.029999999329447746
    ],
    "up": [
      0.0,
      0.0,
      1.0
    ]
  },
  "box_pos": [
    0.30000001192092896,
    -5.793551749455617e-10,
    0.029892241582274437
  ]
}