{
  "ee_pos": [
    0.08361989259719849,
    -0.006344426888972521,
    0.10273635387420654
  ],
  "ee_quat": [
    0.9959791302680969,
    -0.06988164782524109,
    0.046586062759160995,
    0.031172197312116623
  ],
  "cam": {
    "pos": [
      0.5,
      -0.4000000059604645,
      0.5
    ],
    "lookat": [
      0.30000001192092896,
      0.0,
      0.029999999329447746
    ],
    "up": [
      0.0,
      0.0,
      1.0
    ]
  },
  "box_pos": [
    0.30000001192092896,
    -6.729229673485548e-11,
    0.029892241582274437
  ]
}