{
  "ee_pos": [
    0.05911414325237274,
    -0.07062769681215286,
    0.2431202381849289
  ],
  "ee_quat": [
    -0.9888006448745728,
    -0.017670994624495506,
    0.14807286858558655,
    0.005954448599368334
  ],
  "cam": {
    "pos": [
      0.5,
      -0.4000000059604645,
      0.5
    ],
    "lookat": [
      0.30000001192092896,
      0.0,
      0.029999999329447746
    ],
    "up": [
      0.0,
      0.0,
      1.0
    ]
  },
  "box_pos": [
    0.30000001192092896,
    -6.585985645735093e-10,
    0.029892241582274437
  ]
}