{
  "ee_pos": [
    0.05976852774620056,
    0.13304278254508972,
    0.1668117493391037
  ],
  "ee_quat": [
    0.9918285608291626,
    -0.06384292244911194,
    -0.03136635199189186,
    0.1059071272611618
  ],
  "cam": {
    "pos": [
      0.5,
      -0.4000000059604645,
      0.5
    ],
    "lookat": [
      0.30000001192092896,
      0.0,
      0.029999999329447746
    ],
    "up": [
      0.0,
      0.0,
      1.0
    ]
  },
  "box_pos": [
    0.30000001192092896,
    -3.5883218618693036e-10,
    0.029892241582274437
  ]
}