{
  "ee_pos": [
    0.0878949835896492,
    0.05264398828148842,
    0.1415889412164688
  ],
  "ee_quat": [
    0.9970099329948425,
    0.06705302000045776,
    0.03332071751356125,
    0.019100837409496307
  ],
  "cam": {
    "pos": [
      0.5,
      -0.4000000059604645,
      0.5
    ],
    "lookat": [
      0.30000001192092896,
      0.0,
      0.029999999329447746
    ],
    "up": [
      0.0,
      0.0,
      1.0
    ]
  },
  "box_pos": [
    0.30000001192092896,
    -5.359709343011332e-10,
    0.029892241582274437
  ]
}