{
  "ee_pos": [
    0.06597306579351425,
    -0.1054464653134346,
    0.18737687170505524
  ],
  "ee_quat": [
    0.9984297752380371,
    -0.05479578673839569,
    -0.009322225116193295,
    -0.006962201092392206
  ],
  "cam": {
    "pos": [
      0.5,
      -0.4000000059604645,
      0.5
    ],
    "lookat": [
      0.30000001192092896,
      0.0,
      0.029999999329447746
    ],
    "up": [
      0.0,
      0.0,
      1.0
    ]
  },
  "box_pos": [
    0.30000001192092896,
    -2.1319121468188484e-10,
    0.029892241582274437
  ]
}