{
  "ee_pos": [
    0.08779211342334747,
    0.011832389049232006,
    0.16780555248260498
  ],
  "ee_quat": [
    0.9937252402305603,
    -0.06838389486074448,
    -0.02127494104206562,
    -0.08591388165950775
  ],
  "cam": {
    "pos": [
      0.5,
      -0.4000000059604645,
      0.5
    ],
    "lookat": [
      0.30000001192092896,
      0.0,
      0.029999999329447746
    ],
    "up": [
      0.0,
      0.0,
      1.0
    ]
  },
  "box_pos": [
    0.30000001192092896,
    -2.5842178397184057e-10,
    0.029892241582274437
  ]
}