{
  "ee_pos": [
    0.06369666010141373,
    0.1255897879600525,
    0.16485752165317535
  ],
  "ee_quat": [
    0.9916847348213196,
    -0.06600574404001236,
    -0.020788611844182014,
    0.10850100219249725
  ],
  "cam": {
    "pos": [
      0.5,
      -0.4000000059604645,
      0.5
    ],
    "lookat": [
      0.30000001192092896,
      0.0,
      0.029999999329447746
    ],
    "up": [
      0.0,
      0.0,
      1.0
    ]
  },
  "box_pos": [
    0.30000001192092896,
    -4.2251444010155126e-10,
    0.029892241582274437
  ]
}